review_id,domain,product_name,rating,review_text,aspect_entities,aspect_sentiments,overall_sentiment,emotion,urgency
REV-101,Smartphones,AeroPhone X,4,"The OLED screen is absolutely gorgeous and the camera takes stunning low-light shots, but the battery life barely lasts six hours under normal usage.","screen;camera;battery","screen:positive;camera:positive;battery:negative",mixed,delight_and_frustration,Medium
REV-102,Smartphones,AeroPhone X,1,"Overpriced piece of junk! The phone overheats constantly within ten minutes of video recording, and customer service refused to honor the warranty replacement.","pricing;heating;customer service","pricing:negative;heating:negative;customer service:negative",negative,anger,Critical
REV-103,Smartphones,Nexus Ultra,5,"Fastest phone I have ever owned. Super snappy performance, exceptional build quality, and lightning fast 65W charging. Worth every single dollar.","performance;build quality;charging;pricing","performance:positive;build quality:positive;charging:positive;pricing:positive",positive,joy,Low
REV-104,Smartphones,Nexus Ultra,2,"Decent speakers and crisp display, but the fingerprint sensor fails half the time and the bloatware is utterly annoying.","speakers;display;fingerprint sensor;software","speakers:positive;display:positive;fingerprint sensor:negative;software:negative",mixed,disappointment,Medium
REV-105,Smartphones,Zenith Lite,3,"Good budget phone with solid battery endurance, but the plastic build feels cheap and the camera struggles terribly indoors.","battery;pricing;build quality;camera","battery:positive;pricing:positive;build quality:negative;camera:negative",mixed,neutral,Low
REV-106,Smartphones,Zenith Lite,1,"Screen cracked on a minor 2-foot drop. Terrible durability and the replacement screen costs almost as much as the new phone. Disastrous!","durability;screen;support pricing","durability:negative;screen:negative;support pricing:negative",negative,anger,High
REV-107,Laptops,ProBook Studio 16,5,"The keyboard tactile feel is unmatched, trackpad is smooth as silk, and the M-series silicone renders 4K timeline in DaVinci without stuttering. Incredible machine.","keyboard;trackpad;performance","keyboard:positive;trackpad:positive;performance:positive",positive,joy,Low
REV-108,Laptops,ProBook Studio 16,2,"For a $2500 laptop, the fan noise sounds like a jet engine during Zoom calls. Also, only two USB-C ports without HDMI is infuriating.","pricing;fan noise;connectivity","pricing:negative;fan noise:negative;connectivity:negative",negative,frustration,High
REV-109,Laptops,HyperBook 14,4,"Unbeatable battery longevity lasting 14 hours easily, but the webcam quality looks like a grainy potato from 2010.","battery;webcam","battery:positive;webcam:negative",mixed,amusement,Low
REV-110,Laptops,HyperBook 14,1,"Total disaster. The motherboard fried after 3 months. Customer support took three weeks to reply and lost my shipment ticket. Avoid this brand!","hardware reliability;customer support;shipping","hardware reliability:negative;customer support:negative;shipping:negative",negative,anger,Critical
REV-111,Laptops,EconoBook Air,3,"Adequate for basic word processing and web browsing, but 8GB RAM is insufficient for multitasking and the trackpad rattles.","performance;memory;trackpad","performance:neutral;memory:negative;trackpad:negative",mixed,neutral,Low
REV-112,Laptops,EconoBook Air,4,"Great value for college students. Lightweight, bright screen, and reliable Wi-Fi connectivity. Highly recommended for schoolwork.","pricing;portability;screen;connectivity","pricing:positive;portability:positive;screen:positive;connectivity:positive",positive,joy,Low
REV-113,Audio & Headphones,SonicPulse ANC 5,5,"The active noise cancellation creates pure silence on flights. Soundstage is wide, bass is punchy, and the companion mobile app is intuitive.","noise cancellation;audio quality;bass;software app","noise cancellation:positive;audio quality:positive;bass:positive;software app:positive",positive,joy,Low
REV-114,Audio & Headphones,SonicPulse ANC 5,2,"Audio clarity is top tier, but the synthetic leather ear cushions make my ears sweat after an hour and Bluetooth drops out frequently on Windows.","audio quality;comfort;bluetooth connectivity","audio quality:positive;comfort:negative;bluetooth connectivity:negative",mixed,disappointment,Medium
REV-115,Audio & Headphones,BassWave Pro,4,"Massive bass response that EDM and hip-hop fans will adore. Solid 40-hour battery life. Microphone for phone calls is slightly muffled though.","bass;battery;microphone","bass:positive;battery:positive;microphone:negative",mixed,satisfaction,Low
REV-116,Audio & Headphones,BassWave Pro,1,"The headband snapped in half while putting them on my head! Cheap brittle plastic. Customer service claimed it was user damage and refused refund.","durability;build quality;customer service","durability:negative;build quality:negative;customer service:negative",negative,rage,Critical
REV-117,Audio & Headphones,PureSound Studio,5,"Neutral frequency response ideal for audio mixing and studio monitoring. Extremely comfortable velour pads and replaceable cable design.","audio accuracy;comfort;build quality","audio accuracy:positive;comfort:positive;build quality:positive",positive,joy,Low
REV-118,Audio & Headphones,PureSound Studio,3,"Great audio separation, but lacks any wireless functionality or built-in volume controls. Purely a desktop headphone.","audio quality;features;controls","audio quality:positive;features:negative;controls:neutral",mixed,neutral,Low
REV-119,SaaS Cloud Platform,DataStream AI,5,"The automated data ETL pipelines saved our engineering team 30 hours per sprint. REST API documentation is crystal clear and uptime has been 99.99%.","pipeline automation;api documentation;uptime","pipeline automation:positive;api documentation:positive;uptime:positive",positive,admiration,Low
REV-120,SaaS Cloud Platform,DataStream AI,1,"Billing department charged us 4x our monthly quota due to a bug in their billing webhook! Support ticket sat unassigned for 5 days while our card was charged. Unacceptable.","billing;support response;reliability","billing:negative;support response:negative;reliability:negative",negative,anger,Critical
REV-121,SaaS Cloud Platform,CloudSync Enterprise,4,"Robust security compliance features and fast file syncing, though the web console UI feels cluttered and navigation is confusing for new hires.","security;sync speed;ui navigation","security:positive;sync speed:positive;ui navigation:negative",mixed,mild_frustration,Medium
REV-122,SaaS Cloud Platform,CloudSync Enterprise,2,"Frequent sync collisions and silent sync failures corrupted three shared spreadsheets. Role permission management is rigid and painful to administer.","data integrity;reliability;permissions","data integrity:negative;reliability:negative;permissions:negative",negative,panic_and_anger,High
REV-123,SaaS Cloud Platform,MetricPulse Analytics,5,"The real-time dashboards load in milliseconds. Custom alerting via Slack integration caught two critical production incidents last week.","dashboard speed;integrations;alerting","dashboard speed:positive;integrations:positive;alerting:positive",positive,joy,Low
REV-124,SaaS Cloud Platform,MetricPulse Analytics,3,"Pretty charts and good integrations, but query costs escalate exponentially when data exceeds 500k events per day.","visualization;integrations;pricing","visualization:positive;integrations:positive;pricing:negative",mixed,concern,Medium
REV-125,Smart Home,AuraSmart Thermostat,5,"Sleek minimalist industrial design, effortless installation in 15 minutes, and our electricity bill dropped by 22% in the first month!","design;installation;energy savings","design:positive;installation:positive;energy savings:positive",positive,joy,Low
REV-126,Smart Home,AuraSmart Thermostat,1,"Constantly disconnects from 5GHz Wi-Fi router. The scheduled routines randomly reset at midnight, leaving our house freezing at 4 AM!","wifi connectivity;firmware reliability;scheduling","wifi connectivity:negative;firmware reliability:negative;scheduling:negative",negative,frustration,High
REV-127,Smart Home,VisionBell Doorbell,4,"High resolution video feed and clear two-way audio. The motion detection is occasionally triggered by passing tree branches, but otherwise solid.","video quality;audio quality;motion detection","video quality:positive;audio quality:positive;motion detection:mixed",positive,satisfaction,Low
REV-128,Smart Home,VisionBell Doorbell,2,"Mandatory subscription fee just to view 10-second video clips! Without the subscription this is essentially an expensive paperweight.","pricing subscription;features","pricing subscription:negative;features:negative",negative,resentment,Medium
REV-129,Hospitality,Grand Azure Resort,5,"The oceanfront suite had spectacular sunset views. Breakfast buffet offered incredible variety, and concierge staff went above and beyond to arrange our boat tour.","room view;food buffet;concierge service","room view:positive;food buffet:positive;concierge service:positive",positive,delight,Low
REV-130,Hospitality,Grand Azure Resort,2,"Stunning location and beautiful pool, but the bathroom plumbing had a persistent sewer odor and housekeeping failed to replenish clean towels for two days.","location;pool;bathroom plumbing;housekeeping","location:positive;pool:positive;bathroom plumbing:negative;housekeeping:negative",mixed,disgust_and_disappointment,High
REV-131,Hospitality,Urban Boutique Hotel,4,"Trendy modern decor in downtown arts district. Comfortable bed and quiet soundproofing. Elevators were excruciatingly slow during check-out peak hours.","decor;comfort;soundproofing;elevator speed","decor:positive;comfort:positive;soundproofing:positive;elevator speed:negative",mixed,minor_annoyance,Low
REV-132,Hospitality,Urban Boutique Hotel,1,"Nightmare stay. AC was broken in the middle of a 95-degree heatwave. Front desk staff was dismissive, refused room change or refund, and laughed at our complaint.","air conditioning;staff attitude;customer service","air conditioning:negative;staff attitude:negative;customer service:negative",negative,fury,Critical
REV-133,Smartphones,AeroPhone X,3,"Standard flagship phone. Premium aluminum chassis and vivid screen, but haptic motor feels mushy and camera optical zoom is limited to 3x.","chassis;screen;haptics;camera zoom","chassis:positive;screen:positive;haptics:negative;camera zoom:neutral",mixed,neutral,Low
REV-134,Smartphones,Nexus Ultra,4,"Superb battery lasting nearly two full days! Camera software occasionally oversaturates greens and blues, but night photography is spectacular.","battery;camera software;night photography","battery:positive;camera software:mixed;night photography:positive",positive,satisfaction,Low
REV-135,Laptops,HyperBook 14,5,"Silky 120Hz refresh rate screen, super fast NVMe SSD read speeds, and whisper-quiet operation during compile tasks. Ideal developer workstation.","screen;storage speed;fan noise","screen:positive;storage speed:positive;fan noise:positive",positive,joy,Low
REV-136,Laptops,ProBook Studio 16,3,"Sturdy aluminum unibody and gorgeous mini-LED display. However, the proprietary magnetic charger cable frayed after four months of gentle use.","chassis;display;charger cable","chassis:positive;display:positive;charger cable:negative",mixed,disappointment,Medium
REV-137,Audio & Headphones,SonicPulse ANC 5,4,"Exceptional soundstage and clean treble. Noise cancellation is best in class. Only complaint is the carrying case is bulky and hard to fit into smaller backpacks.","soundstage;noise cancellation;carrying case","soundstage:positive;noise cancellation:positive;carrying case:negative",positive,contentment,Low
REV-138,Audio & Headphones,BassWave Pro,2,"Lots of bass as advertised, but vocals and guitars sound totally muffled and drowned out. Heavy clamping pressure gives me an immediate headache.","bass;vocal clarity;comfort","bass:positive;vocal clarity:negative;comfort:negative",mixed,discomfort,Medium
REV-139,SaaS Cloud Platform,DataStream AI,4,"Extremely powerful SQL analytics engine and intuitive schema migration tools. Pricing tier transitions are a bit steep between Pro and Enterprise.","analytics engine;schema tools;pricing tiers","analytics engine:positive;schema tools:positive;pricing tiers:negative",positive,approval,Low
REV-140,SaaS Cloud Platform,CloudSync Enterprise,1,"Zero support response when SSO authentication went down for our 200 employees. Critical business outage lasted 9 hours without an incident status page update!","sso authentication;support response;incident communication","sso authentication:negative;support response:negative;incident communication:negative",negative,rage,Critical
REV-141,Smart Home,AuraSmart Thermostat,4,"Integrates seamlessly with Apple HomeKit and Google Assistant. Geofencing works reliably. The mobile app UI could use a modern redesign.","smart integrations;geofencing;app ui","smart integrations:positive;geofencing:positive;app ui:negative",positive,satisfaction,Low
REV-142,Smart Home,VisionBell Doorbell,1,"Camera stopped charging in cold winter weather (-5C). Battery completely died, leaving front door unmonitored. Support told me to bring the doorbell inside until spring!","cold weather battery;hardware reliability;support quality","cold weather battery:negative;hardware reliability:negative;support quality:negative",negative,frustration,High
REV-143,Hospitality,Grand Azure Resort,4,"Sumptuous infinity pool and world-class spa treatments. The on-site Italian restaurant was overpriced and portions were underwhelming.","pool;spa services;restaurant pricing;food portion","pool:positive;spa services:positive;restaurant pricing:negative;food portion:negative",mixed,pleasure_with_caveats,Low
REV-144,Hospitality,Urban Boutique Hotel,5,"Flawless check-in process, complimentary craft cocktail upon arrival, whisper-quiet room, and walking distance to the convention center. Will definitely rebook.","check-in;hospitality perks;room quietness;location","check-in:positive;hospitality perks:positive;room quietness:positive;location:positive",positive,delight,Low
REV-145,Smartphones,Zenith Lite,2,"The screen resolution is low and pixelated. Speakers sound tinny at high volume. The only saving grace is the 5000mAh battery that won't die.","screen resolution;speakers;battery","screen resolution:negative;speakers:negative;battery:positive",mixed,disappointment,Low
REV-146,Laptops,EconoBook Air,1,"Keyboard keys started sticking after two weeks, and the trackpad registers phantom ghost clicks. Returned for a refund immediately.","keyboard;trackpad","keyboard:negative;trackpad:negative",negative,annoyance,High
REV-147,Audio & Headphones,PureSound Studio,4,"Audiophile dream at this price point. Clean mids, crisp highs, and durable braided cable. Clamp force is slightly tight for glasses wearers.","audio clarity;build quality;comfort","audio clarity:positive;build quality:positive;comfort:mixed",positive,contentment,Low
REV-148,SaaS Cloud Platform,MetricPulse Analytics,2,"Documentation is outdated. Half of the JavaScript SDK code snippets in their developer docs fail with syntax errors. Support took 48 hours to reply.","documentation;developer sdk;support speed","documentation:negative;developer sdk:negative;support speed:negative",negative,frustration,Medium
REV-149,Smart Home,AuraSmart Thermostat,2,"Temperature sensor reads 4 degrees warmer than actual room temperature, causing AC to blast continuously. Calibration settings did not fix the problem.","sensor accuracy;ac control","sensor accuracy:negative;ac control:negative",negative,discontent,Medium
REV-150,Hospitality,Grand Azure Resort,1,"Room was not ready at 5 PM despite guaranteed 3 PM check-in. Front desk was indifferent, room smelled of cigarette smoke, and shower water was cold. Terrible.","check-in delay;staff attitude;room cleanliness;shower hot water","check-in delay:negative;staff attitude:negative;room cleanliness:negative;shower hot water:negative",negative,disgust_and_anger,Critical
